PIDN,Ca,P,pH,SOC,Sand
09gt9UK5,-0.4050743174243061,-0.16404423976342855,-0.3438230862441926,-0.6315063273629813,1.0121998572009727
0BVvxJ6a,0.17470656116060226,0.15596098833948496,0.28550048266124084,-0.09279169366620621,-0.8754411618546424
0KbdgApg,0.014362734543967299,-0.22128858277171054,0.28022489508627313,-0.0832779944501916,-0.4595578076105641
0MnuuduB,0.13973781097302862,-0.07327558234901015,-0.05054424536368643,1.0124547663092756,-1.1444160169204889
0PcIsF9z,-0.4327778870350948,-0.1925409327451427,-0.8080817985817839,0.039603045269669485,0.36352904042755474
0ShTFLYJ,-0.32378034460286864,0.046428985143440876,0.1301826199836235,-0.5850410390918814,0.9046659083778805
0XZh9jka,0.5555706895770965,1.460647731190223,-0.685538405472914,1.9221047715476833,-0.6942331959424728
0Y7Wegri,-0.26339937459502005,0.8434572705162243,0.5745974045165538,-0.23184840615032118,-0.00951039606248544
0dTqplIM,0.11060711114804439,-0.20339128533928097,0.2966283068213405,0.4694568536908084,-0.745411741713028
0lNiZicC,-0.24228858183097798,-0.2758732967001974,0.18416044132070308,-0.6296999682478182,-0.3648109037218616
0rGeJ0QN,-0.3039386895111459,0.43935160740609036,-0.16335013372345533,-0.1898006988021048,0.6389952821805315
0sXI9ytQ,-0.4168461659148872,0.1222226802565742,0.03507131680237755,-0.6919466925837745,1.5930344299024402
0ukt4aP6,0.0045253713136072645,-0.18499231405858918,0.7322797744595223,-0.5118146910265126,-0.6357804942418286
1AGspb8f,-0.21629108109193923,-0.30750254353537476,-0.46354350753748724,0.11828616728005964,-0.6802577543226606
1Csy0gvE,-0.4363944603705623,-0.23791979946975084,-0.08290212858219384,-0.5721823229421431,0.6191082160479212
1Ic2hly1,-0.3615114580559952,0.04962385742171562,-0.35145367182868326,-0.14139736719555696,0.27394666646627625
1PPbaTwt,-0.30202291184521757,-0.3002101891446114,-0.38554569733226673,-0.4887146108950131,-0.15096103490836513
1SO5VJNy,-0.43080943630327634,-0.12871305915550388,-0.1699785613835579,-0.5365225298317129,0.7291940189606055
1arHxK3Y,0.4160807688771865,0.07846074382544212,1.6723362347039883,0.3607241301143796,-0.2213579420924432
1fCW4Bba,-0.2135511144429248,0.2389380632783026,0.5296970106149675,-0.3976689846202421,0.4576377018358116
1qDZNvIm,-0.4364909858464649,-0.033331111506685475,-0.39028927533543706,-0.6543081922957761,0.8741131025095429
28LYJC2V,-0.3713382951446437,-0.055174134893673496,-0.7289028335921985,0.16351453684944142,-0.4447911145299414
2CzACvQq,0.14547536915836054,2.0598028011182077,1.680858949852721,0.8265301465549564,-0.7968583011530758
2FT3crfv,-0.02796673896732672,-0.21592785114336255,-0.0015116664245093336,0.19097132460932886,-0.6231591614029797
2Fy2uHVg,-0.43856199847039057,-0.1440449398475084,-0.4548859282444282,-0.48850377608387824,-0.4656158073010454
2MkMEApm,-0.35972244146991206,0.03782305960757524,0.2521445732601265,-0.567277562366615,0.8400823014988238
2NDGWEOe,0.38811519936246364,1.2241880928474067,1.0687278132174898,-0.34979473739841965,-0.3892830163697611
2NyyCiqn,-0.43234155487024234,-0.13339331410364064,-0.10657849803222709,-0.5460305815143698,0.6935694246993058
2QRzIb84,-0.07927627120941803,0.9647700975849302,1.87391965759496,-0.4083673863300654,0.12388912986384033
2QcbdrUZ,-0.30198871428591745,0.02708918458915015,0.06604629518003836,-0.5054443992672174,0.22823265843989846
2YgAimWK,-0.28130118872976173,-0.19989834895714606,0.47007493209462525,-0.4345815017698446,0.5013896501466395
2cx85d9H,0.13785387313264916,-0.22341431551172,0.15147624953111316,-0.07115024193643359,-0.43657294049313583
2homMXMV,-0.38584260097860523,-0.11713869007059018,-0.6509316616349947,-0.15115600908133667,0.5394747768966625
2ldLrUtq,-0.32834390742569,-0.2621779629605825,0.30263395525337844,-0.11978855868169297,-0.5702765787960211
2nsACW6G,-0.2703099543059637,0.18559328211716078,-0.8917033308232711,1.7673754901353684,-0.8741405475655037
2yMbVnWc,-0.11527315346491424,0.5520851367347691,-0.027769208309220392,1.4460728058002132,0.20991844964395454
36r8sgGQ,-0.43058566391224146,-0.176361511262198,-0.1612356198869653,-0.667025904973951,0.7307360665508037
3NXAXCl3,-0.384820120662589,-0.30295844302338426,-1.019300230640918,0.4701689588917842,-0.6779065566931141
3QG0z6fl,-0.29409702883048977,-0.28051159947427773,-0.299395451825956,-0.6185192751053458,-0.050349939768196045
3WS8R9qm,-0.2459318113249869,0.3720138269731523,-0.7776441968313966,2.731702798863164,-0.8588801038026476
3fRLm8f5,-0.4074994457096808,-0.10894881157528147,-0.8650817298768321,0.10099191449790194,0.4381214471068322
3mZhp1nQ,-0.36762103804253676,-0.0033021456141216553,0.2026234892954849,-0.49165842500202017,0.5255449964785233
3pikJXRL,-0.36226215015673785,-0.10268109090908345,-1.129230896168935,0.5886772329375486,-0.6374895467092909
3pxOEGHL,-0.4397865702750486,-0.17264135639995232,-0.2719555441356007,-0.6767262527460464,0.5731252278804767
3ttdV3f5,-0.07639988584778236,1.6744809345492897,-0.30419252628278853,0.478511813676421,-0.40873071005324296
3v4X6Mfe,0.605490816629526,-0.2674691738413413,1.117935635236082,-0.468923184257847,-0.46925595818704585
3wORuPiv,-0.36666032888346645,-0.07807278356475257,-0.16258882472178693,-0.12208284215311302,-0.5485856553173941
43EfrxZj,-0.014420961171508602,-0.24090951966825344,-9.41717168693068e-06,0.8401092870785751,-0.7432070777163666
457Vwm21,0.10678473972463454,-0.04983520984594301,0.5876925577931323,0.1686044567452117,-0.2529272576651824
46KNnOdx,-0.45049916473900603,-0.11624186047141283,-0.9346975462752014,-0.005464157823230343,0.11015728173314403
47TwNsVC,-0.3502075719943727,-0.10170513193449214,-0.8965182852014563,2.2049589475013014,-1.0031371173806987
49856RpO,-0.3249386234334939,-0.21332403016170132,-1.1865830160690916,-0.1255123571188082,-0.45889443727986257
4Ane1o2N,-0.38515145298963527,-0.25702115336247905,0.091638034891249,-0.5140259335453292,0.28960233512501565
4AyVUgSc,-0.30843310588030964,0.06273685125482069,0.2878824707124243,-0.5363431895477843,0.7168426025862112
4B1951On,-0.18137415860014652,-0.2329481366489938,-0.0057092718263992825,-0.2977088406521568,0.10973767190674426
4OL39Teo,-0.03531166057402926,-0.08064140166810789,0.16363598854601819,0.28979955171911354,-0.5387145738116191
4eQ90eLY,-0.04545500567150757,-0.19004436119197535,-0.19181113870715374,0.3843707571221118,-0.5193414421674962
4o5jwMj8,-0.3349354312530604,-0.20455867881119816,-0.2098254239429182,-0.5657061356092756,0.2540492102738235
4vPgpl2c,-0.3671082246188551,-0.21330971145893066,-0.4541841058446277,-0.6446024893048405,0.43025455835958637
51r9aA0d,-0.320474189182608,0.207385910775847,0.3466674989693669,-0.6340592805706561,0.6793157402014458
58SmeRoP,-0.3349379102216867,0.040160429742260535,-0.3525490464302324,0.05130455208252737,-0.38688069696861954
5HJp1AXn,-0.3729934070615117,-0.1300608124803036,-0.6345470185963924,0.39152638151229735,-0.3372177746619793
5MBZW7fx,0.11343437853623264,0.2539637041191884,0.48523781813428113,-0.41683977397551963,-0.6967216922195884
5Nq3gHaP,0.12438117152814004,0.3361537571815931,0.1301842115959661,0.5951109499234513,-0.7170325598229702
5RmwFFK3,0.18025502065056428,-0.06706679290292902,0.01391174590480078,0.3580803579553378,-1.020831070434933
5Tu5Jbov,-0.4387667200331101,-0.15125700884867357,-0.4601322971593051,-0.191793202585407,-0.4010276246234362
5YEolkev,-0.31437317259491077,-0.3366762799030555,-0.1341482290908288,-0.26413345857341836,-0.5957312100688761
5a8sf6QV,-0.010168528021157657,-0.2108133700388578,0.3326801841457754,-0.14900236135514125,-0.40407234546736637
5eSvmqYm,-0.3820899740356493,0.5875739383662044,-0.05454273543082393,-0.09041966879845566,-0.6033607596199141
5hkN8fiv,-0.3724952378709012,-0.26675685237933455,-0.8629053705185804,0.8742628451129508,-0.47689220481409983
5oK8Gti5,-0.417967031902571,0.018369038318960366,-0.4628088200260679,-0.5053166490067654,1.1429714955811123
5paniGaU,-0.47015997394465353,0.09343866945635501,-0.5076466442357175,-0.6827586640982737,0.9136993881868837
5vsr7ZUP,0.1860071723493891,-0.23315326067470477,0.22491163278891022,-0.20436876722110286,-0.39106526953813786
60B4xMWI,-0.15280871811802238,1.2732461723712039,0.749193995039859,-0.6021652301426209,0.3386237558526728
64jOUtKy,0.2654083195749453,0.6512286124161932,0.39309148459444637,0.5395791522740396,-0.9596205040971907
6AJo4xNG,-0.37873024527266835,-0.07796921373479247,-0.26583311832806333,-0.05806914606154497,-0.007562158996600882
6CAvhEte,-0.3312281770189476,-0.22150271605893276,-0.3893762720250802,-0.3165838434615742,0.07413344767379915
6CuGYjT5,1.7760537273879655,0.8475959372486092,1.800842470619267,0.826191956447667,-1.135525953264566
6DGH8ujZ,-0.409040015252053,-0.2832921520969319,-0.933788610116261,0.1997978785709164,-0.4636147527165461
6PzsGdVm,-0.3712765576281327,-0.052289389603729856,-0.9168830445625233,0.42490441606216267,-0.15411450223468087
6UcSJMbq,0.04074212502016257,0.7921420194072043,1.2757332560743293,-0.36108776079599464,0.2741872202600647
6WJbkH8U,0.7708331273597616,0.3516730921001646,1.402769059670471,-0.2883679746090217,-1.0580850264214112
6eUWsVzw,0.2127256970320525,-0.13429988966429574,0.13367223378519344,-0.0824399203745449,-0.8937762312150105
6gNyO7Do,0.13618734102971403,-0.1735050326697342,0.14538052030694773,0.02362590083329424,-0.41374575488256293
6jT0AyHe,0.005813652887763923,-0.2740821256914726,0.10223997295199647,0.40227713118128633,-0.7426750021977522
6nBgCvWu,-0.3560988149411168,0.536586557960398,0.0089541837007498,-0.37740777031117984,0.18153436378628818
6ro5mqg6,-0.4129691005356096,-0.09702300827709437,-0.47880120696823913,-0.4021670283123517,0.3709696913230083
6sGqObX4,-0.4155511346431862,-0.29196564157485394,-0.5187500075534316,-0.006149595604606426,-0.8421371946044991
6uEGy0n4,1.3034239652546953,0.8704409694360913,1.7143239766034908,-0.07549123463934905,-0.8554279784872443
7BZ4LxP8,-0.1786044258599998,-0.3267884509246774,0.006178114978153383,0.10942721403908724,-0.7978384367199827
7CmigXKi,-0.3280076872548486,-0.2770237279169155,-0.4731559835429217,-0.45473705548780946,0.48643958489437594
7Ga0LpfR,0.6061760724032612,1.458961164852946,0.3265310701136266,1.0368350812018057,-0.7501765526772342
7PQsFvsG,-0.39571303597978236,-0.17730705258727877,-0.9024506110474403,1.0187279420969362,-0.3624563483286738
7aF7nnwn,-0.31301486537375733,0.15429060125371705,0.2463462503770937,-0.6456502811596266,1.1800557442227864
7asGzfX9,-0.280369504676707,-0.28815929594129835,-0.09468376206312738,-0.17139578046599113,-0.35301140862819985
7cg7C92o,-0.0712153449075066,0.3734258853353627,0.34352345192891404,0.26491821253898,-0.07576442205308442
7eOxTpsB,-0.4283445748372299,0.03795209436411155,-0.3303747537312846,-0.48721846961979276,0.6949244744660368
7ey0v7ma,-0.4149986601095879,-0.23971377368026556,-0.9368535523734429,0.4779904516312358,-0.9839375621634187
7gocyrYl,-0.36013204156316286,-0.1866801888918271,-0.681876397723069,0.3231885110692444,-0.5042584816267149
7gqR3GoA,-0.38550640685353854,-0.033121168729735966,-0.15943447533984098,-0.5332547031697089,0.13472099294092987
7og7aUXB,-0.19193968968910227,-0.20711138008484636,0.33584638379864834,0.14264616625560703,-0.4252592975943445
7onRfa8F,-0.30885521366843194,-0.12130135398094084,0.33084058429089375,-0.4348708309148719,0.894643824846491
7umkNuxM,-0.2664429208920097,-0.1956693592476426,-0.47312897312519586,0.3274290740723349,-0.47936608399488306
7vPr9ExD,-0.043355101342818524,-0.20248721030093808,0.2937129033386694,-0.12313414521005629,-0.4274153537609075
7zNjpCzu,-0.3708006145725806,0.33948576648559436,-0.26394484992652073,0.09569251879838182,-0.688008511063089
7ztsQNj3,-0.4096759644257085,0.08240840783876738,-0.23749648552113953,0.09802694762154374,-0.41156182639182637
86gppwMI,-0.44303352536473517,0.032913558927449536,-0.35250343119483046,-0.01767935640418118,0.5430640795997708
88thAGdL,-0.3688865430341109,-0.10027629048748514,0.00015457087142344095,-0.2264692886464235,0.045751271263655864
8GhU8STP,0.3824177268654011,0.060150621115344104,1.7125041023321494,0.26143898210963795,-0.8690247092156195
8NlzDcWe,-0.31332543224178555,0.021966779332851568,0.21681838618344215,-0.6215631088607508,0.9009355628485841
8QAejdLW,0.02338489023233052,-0.1489937930202742,0.13311711994010755,-0.06583559944557509,-0.5054677324944549
8RDeFxWM,-0.445755644944229,-0.1670519335086697,-0.31754886372118224,-0.6334352614235064,0.6602341764473872
8UXP2NBS,-0.3679389595136572,-0.06216387827881286,-0.8052147357018349,-0.3260131281421858,0.4392768828237952
8ZoV3KGT,0.0430288369795673,-0.08056250539170709,0.406569772811536,-0.46272286316123706,-0.5525126722472545
8ajs2uG8,-0.34485539726153547,-0.3148658247248278,-1.1078794795752998,-0.16232506500178834,-0.607459759002462
8bXnz62p,-0.08615847827603161,0.6528891208999512,0.18098837008261903,0.07900842006297774,0.5669903499905756
8nO1O1LG,1.3084267258839677,0.06973178081613979,1.8812317776414755,1.637067531950391,-0.8089984705992955
8xE1p8g8,-0.3923812981454366,-0.032763022128691255,-0.7901117414549748,-0.271350123003442,-0.40973881203193535
8yMDVMRM,-0.3357701503977267,-0.2795676451136811,-1.1973746737378272,-0.24446930472146877,0.1661513560176799
98R5VaPi,-0.11407472970785021,0.9801781443722561,1.8547110345701021,-0.44387762817800164,0.23237792877164576
9DcTz2Ua,1.7134122955917945,-0.027378719451907615,1.940962889845498,0.5181266085653606,-0.9423471348501397
9G7nfUrK,-0.3502842927696435,0.14319170030002287,-0.23831923435375102,-0.6161291264987654,0.2679067349813771
9O6GZ1HT,-0.019702466342343503,0.28777798609521565,1.3392332829756315,-0.4738601882543827,-0.577860667217838
9S7fCoAM,-0.21650150127436565,0.006351441202810884,0.27507865643954216,-0.30815582243579953,0.18074409319139345
9iQwmFJR,-0.22624123082724623,-0.3018008424659317,-0.2654764479289613,-0.4232814665570556,0.2991343231842985
A3Mt6SAQ,0.5034213045819204,0.7396404963364089,1.4952829437966313,-0.5635216729695979,0.10335408241772476
AJIsQIcV,-0.24339450739933702,-0.2332461510686843,0.09864131738257981,-0.4317029763547897,-0.14462981716064915
AMHKXMh8,1.2414319198008539,1.1958148814117096,1.7482354359998,0.9068113681209062,-0.5340484924277135
ASwA2J4E,-0.42923739116354215,-0.09678119232157871,-0.1622838091050726,-0.5499725231530819,0.7395642804656799
AaFvEoHq,-0.27865438495551575,0.03774147805289299,-0.41816738304094125,-0.6038805605115418,0.6603929268061377
AiIPD6hX,-0.22563709987362723,-0.2951539286020332,-0.29279969622620416,0.24101107918697745,-0.5242587367273756
AsIURvJS,0.03391945043434707,-0.23878379061278865,0.0043366490521689685,1.6856100087137436,-0.7450805375106494
AsvgbJ0C,-0.3822391733217632,-0.08961507482268917,-0.7415658855375032,0.4129171382687033,0.14339682519354222
AxEhbkCM,-0.43169589239696043,-0.3030218745246074,-1.0459356857691917,-0.4108837301348906,-0.352722869093907
B7VPkIpx,-0.08533360258534564,-0.013531666749278401,0.3594887495166402,-0.4994014803792009,0.3583462046904989
BBwHqHiH,0.07242245598944887,-0.12752161890367236,0.16643702295063195,-0.16254173524177826,-0.5190484264589262
BMyps8hr,-0.27805370467912777,-0.3293268943493654,-0.1534690934269665,-0.09477747333149183,-0.9282952762802634
BUHS4dQw,-0.019795944929029016,0.5023242838090031,-0.3855541595117043,2.3983736816783927,-0.9434159145519985
BZB3EYWQ,-0.45400428808274546,-0.04664393235449578,-0.31248611184128944,-0.47300517750465265,0.7589987266406244
C5UPCZcL,2.8587956888969894,0.43732185982026556,1.7686181402751544,1.4359551955215673,-0.9378669225946514
C5gIfQbJ,-0.35585668586127567,0.004160326638643207,-0.9546981332918986,1.3432320252673795,-0.8097531086336989
CDRuu4Pn,-0.43657466466567685,-0.2404144491085767,-0.15655776484017989,-0.6793787349143966,1.4126502175828892
CQhTYkqE,0.21822415534505057,0.22655819775362404,0.14409930933273077,-0.08014194024044773,-0.7934200621824619
CSEobMXv,-0.2522575888743456,0.5055593116212986,-0.7713849743701598,0.7672487504660576,-0.6750309120300558
CYMQE4x0,0.08237177974769815,-0.037821216992963674,0.8232123950275938,-0.4270246884860409,-0.04976389436555876
ChQdtl4J,-0.323992936896525,0.18541775514351802,-0.06025026316534804,0.08545519315808921,0.1947987588171914
ChnD1nrN,-0.27134152429604813,-0.05859307027465773,0.14682094799852827,-0.6160086582503119,-0.38089091385670826
CvtbbIcq,0.1396386547254379,0.1531562178027094,0.8914756532450331,0.10991437150693412,-0.5490359758631567
Cxk06b77,-0.030676445446735374,0.25504082523511484,0.19863299725981443,-0.11993259919486324,-0.3456503317996645
D3QD3ZEJ,-0.3413199409326855,-0.16398473707970415,-0.707127178920535,-0.1566211702767356,-0.0980540182750128
D8J5C6lA,0.622565011268253,-0.039342338209183966,1.471870652688258,0.12936361753750888,-0.6497521707643125
DCeQwYfT,-0.2824717908733953,-0.24833428597271717,-0.0033071500962084124,-0.1642549757896722,-0.49328352804771236
DDEftkx3,-0.45692957035279425,0.07632846413145283,-0.44726172677674225,-0.6095753543632751,0.9873769977291587
DEwCfeDW,-0.10558281634395233,0.1472404024075697,0.17479162915178026,-0.16088730081698965,0.06830018283572628
DMkIV4oL,-0.4415091411751843,-0.20453801531180044,-0.1969891959723976,-0.6731124703721771,0.5497525838154254
DnzGfbxS,-0.013976689942980257,-0.23201488316858396,0.2288937581633212,0.6852133233056401,-0.8752290233660832
DoZxo6f6,-0.33996343520937766,-0.16434730554640534,-0.21784010284533548,-0.6189935825446757,0.2531493798641653
DvhBPGIk,-0.34413499878701637,-0.32179912122761073,-0.6042501547693602,-0.07254573265474297,-0.3393455982082957
Dx7GoUcT,-0.3572305528953703,0.413006987254609,-0.08663189100665385,-0.4012983417878803,0.17147848679483751
E5hIjohO,0.19254381785339714,-0.00811556950494168,0.24798654621485597,0.26742951462006653,-0.9415891260893364
E6x4XGHt,-0.3716493588432773,-0.1531981964941932,0.017658840709680698,-0.4403071781691937,0.9435147940850803
EDEpAzh1,-0.31069280904779484,-0.18080239902125136,-0.525870968655571,-0.15179150175673622,-0.13920406772857055
ETGudkQt,-0.2785941344552312,-0.22497746009206537,0.4010571157584891,-0.40048230986869726,0.06745537090801179
EUleKrLJ,1.4358926799881522,-0.06882567953002885,1.8970469465228847,0.6109903796451001,-0.6581677239954921
Ehw2Jz6s,-0.2601040209255417,-0.2623449384092181,-0.7032617431225284,-0.19706613347503257,-0.3963100941755064
EjqzC4zH,-0.19573129644779538,-0.16189585973397913,0.13415040355473948,-0.6763898520681704,0.37396803625576297
EkMZO3Qj,-0.3849537504444573,0.036656533814734875,-0.13266066284089406,-0.3318622488860369,0.48474429102951433
EnoNXWvU,-0.05051461303860053,0.49894090574360844,1.266077728463754,-0.4987466683516142,0.008938810461968665
Epv8ANwr,-0.3057456736779976,-0.18600412228454133,-0.48741925558992,0.45718786791430405,-0.18507349349559452
Etro9j0B,0.08077798269575805,0.698320360084864,0.2755962536799269,0.4605770832186141,-0.4883699129091987
F3MIZj76,-0.42127802849842283,-0.2260181949633912,-0.7667625408009623,-0.2566458048766736,-0.27382143935299796
FB8tU00K,-0.3657517881877589,-0.06476309182528897,-0.8140240767738693,0.19391379577778342,-0.28483420161357165
FLhxBGMK,1.7762342201522836,0.15656469269731968,0.8858444671217781,0.18278941241279317,-0.5339498268162411
FRreR8ka,-0.37443072335782696,0.9244628453642718,-0.08288927877541168,-0.11085311723553608,0.11348891959557444
FXne4oAV,0.34730990028993275,0.6039819724989236,0.309090605686129,-0.3162940763401745,-0.6825506616932838
FaW764jk,-0.1192107137493116,0.22830551922078576,0.30569777720980174,-0.16602046288348413,-0.16292701556578632
FeAbMXly,-0.4339443599247778,-0.17837418062524965,-0.2892043139324739,-0.6907677782076934,0.8248321615503662
FeudaFXn,1.2434816131433768,0.6858314492762787,1.655820731493283,0.0328475698329699,-0.5450775146545541
FldUmFeM,0.6237372997137398,0.3816848129459185,1.972686633221066,-0.45157919056844903,-0.2367575883494122
Fnv5tfAm,-0.4176544166239783,-0.1250518919957405,-0.6156700878706534,-0.06709174095999078,-0.22883460620293214
FvrAd3Or,0.02963643085022758,0.5087800176205595,1.3118289843735405,-0.322480924269239,-0.02559242032530367
G48zHffi,0.18713611801583377,0.5089814756020831,1.5048488639852666,-0.4529399715155341,0.04703401465505545
G76zCv5N,-0.3757806762209799,-0.2599743552047866,-0.10968478052877151,-0.5285496926005014,0.14223953922937216
G7JGUdNf,0.08522004413031853,-0.2008307752103906,0.1892755254732225,-0.08280034215021949,-0.6919603496373388
GCo6MONx,0.754040128599767,0.2107565315507392,1.5693367797577356,0.35551430580421195,-0.926624960703379
GE0vbpVQ,-0.2006748754401182,-0.29054844040653083,0.17602259239486406,-0.5019628479534107,0.3715638630942243
GN0DfOqt,-0.3249268734216065,-0.1691638601417585,0.06877264488372539,-0.6446028160734639,0.06577857657887018
GNsTAb1v,-0.038025311630996275,-0.2946100899097564,-0.1992629081374903,0.048293347416605056,-0.7225487252351318
GPwmO21z,-0.2730357426878642,-0.22771055729522718,-0.7381493176261091,0.08985446216144967,-0.41339759824658484
GQYpfLoh,0.1278043251718867,0.06393043405410093,0.21546170061623368,0.5647463103903024,-0.9739198724885654
GR9knT8n,-0.39655533760555434,-0.22679257181020254,-0.9383537500952684,1.0634901991784966,-0.33810415709540365
GXtFFbZy,-0.382671935490899,0.135335545584555,-0.28373100744895025,0.2057319303489339,-0.013128014562023511
GYvzvvFD,-0.4477556676886497,-0.20844932554658005,-0.5364010171546679,0.10247372211961828,0.12371012905731288
GemPjTJ9,-0.3465073896631358,0.006500952016344077,-0.2262970176584597,0.6686395369081934,-0.18494778662673694
GkLYRm1K,1.4864501846359133,0.724850093184125,1.9413062129259187,-0.17507005943945309,-0.7465061433678312
GmlqP8eI,-0.4153846405236598,-0.08869647497849914,-1.2134315897415409,-0.35461823600891484,0.5022381855599702
GqkIrOvf,-0.28203670710877765,0.13926101861632176,-0.20810504367488034,0.8477731608050673,-0.5543400765482528
H0fsegPi,-0.36753842509474643,-0.12682700333061644,-0.03419691297889316,-0.4904653752259428,0.13066216679559894
H4dHpJjU,1.269441979968584,0.09152286348882228,1.7781916431360032,1.3280361279609132,-0.9490883648476727
H5QwJCuU,0.7114444452200209,1.756683930648502,1.9955228538108924,0.07024231778168573,-0.6434065636722148
H5uwmSZ0,-0.4416812777883849,-0.18828731211313243,-0.6817519221638736,-0.5071546909098692,0.45437816700175276
H8MtbVoL,-0.16911504365903146,-0.14390652738425114,-0.01671974204559408,-0.24051124022814477,-0.433193421359502
H9JrUYnp,-0.3707896240740055,1.1883588684311126,-0.000911047967317542,-0.07704588905362751,0.1409936668802904
HHYmmHVk,-0.4219500198136958,-0.22327101962628204,0.17571193938981405,-0.7364332803821444,1.5094596211836653
HJ5U4uqL,-0.3580061775322754,-0.2569984879354814,-1.2533386097702282,-0.19257078170508163,0.3361003901598604
HNQxYc4w,-0.3988658197429282,-0.2663314949631971,-0.7325561866200871,-0.5925928887759419,0.038336012112457525
HQYhKHZ8,-0.41194371509745736,-0.09370473825822105,-1.1569550452657031,-0.3155730387908368,-0.4068115870433671
HSCMx0MC,-0.454979489336258,-0.1498520482804624,-0.32169640266838384,-0.6731926191978989,0.6292938994300461
HXYuE0fx,1.6936096399068448,0.008678440567723298,1.8576245283322999,0.6484018382340478,-1.0077912337369934
HdKcxEWr,-0.04888443721947687,0.1587119361591437,0.3657623451677907,0.17893926332896723,-0.2354554804682895
HecW1iCC,-0.35737980624790744,-0.2609070041007146,-0.2899840783507685,-0.2287833558347927,-0.6312652012922024
HpbKB8rv,-0.38280864749283805,0.09057057964727601,-1.2899582330293093,1.1899666864207676,-0.8968444302724343
HrkoYjCg,-0.23890186698537083,0.8573302685042039,-0.44483511277655324,0.8701745541215133,-0.7624437016879975
I5P2uquT,-0.13815482165326998,-0.22796336745840648,-0.26787903522475237,-0.1913867428262151,0.19307003571222922
I94qkDM7,-0.4043504273959093,-0.1367264876912589,-0.4825487006542748,-0.1585145750168854,0.41656116320937636
I9sQbtt8,-0.29722574443052613,-0.12446852115030438,-1.0589675475735274,2.0405167692170947,-0.6496045295412175
IFxgw6ZX,-0.3645352765168497,-0.30595649039717165,-0.408731791558964,-0.0907647309162245,-0.549083683699244
IPPPSyoU,-0.4144650550351427,-0.30285304064590257,-0.904265396087918,-0.11198849715929844,-0.6040672719244
IQOYQubU,1.0588528543886988,0.014102573614458453,1.851380670772116,0.3178965069350644,-0.9493824984086651
IYNE2SxU,-0.38847794769156413,-0.18605599108759843,-0.6220188139514723,0.02594967428806377,-0.7581024512070128
IZRFk9kN,-0.2941176174259684,-0.10119967897282907,-0.09347730727455796,-0.3791208605307005,-0.35626987633629253
Iaq3v0t3,0.4390289476655619,0.9526374734067147,1.5360351078401502,-0.4308520079441125,-0.12589370593409913
IbVwu1t6,-0.41932885574899864,-0.28354103406002307,-0.841282533937212,-0.053059678965457865,-0.4275813105538209
IcHKTLyo,0.0401004474876077,0.037003207428732435,0.04959999278914504,0.14720808691869008,-0.48505197826017266
IpW80wVB,-0.38404591923299575,-0.23153995929584925,-0.7410090911358277,-0.10010769964225581,0.055322778284237685
Itb0PYUV,1.3518508972969416,0.18930073188594831,1.8936717091523707,1.1341297750966308,-0.8783370043614214
J8fpSwS0,-0.3942506396377663,-0.06217328717492555,-0.3191554391791358,-0.6772689784285969,0.9118125782277609
JE1SlbD0,0.1985522179735916,0.5184364825453421,0.18914527354117067,2.174361760574313,-1.0527837958417916
JEB4McNb,0.6692183873292069,0.40628097313972444,1.246519393844947,-0.12408478042585594,-1.0670601208584942
JEE4QVeQ,0.116536982647608,-0.1497881194569507,0.3061422818686879,-0.43021410729129805,-0.49334349847460146
JJSEU2VQ,-0.46215766435064304,-0.034577812290666324,-0.3020828233014613,-0.5414161131029421,0.8014397526820919
JSsVriP2,0.2508519581286421,0.2348260261226176,1.3173215024853966,-0.4935626538576352,-0.16384671768520664
JUvQNiOK,-0.13716116674345902,-0.1613070117918509,0.2549054773002436,-0.3562831848714869,0.29291901413382143
JZbrRtm2,0.0058049474150412405,0.5139356612647245,1.4096480085631333,-0.4163258977118832,-0.0521836857339744
JcE9G92B,-0.31365156286707824,-0.14627242894938536,-0.4594830452058399,1.0444552429143292,-0.6755384910907095
JnNYpXHr,0.2128418965757833,1.0980069428322126,0.15742746091031384,1.4444612420329959,-0.983653758150814
JzpbnOtz,-0.3589685804171381,0.09527965504603196,-0.42962927882937296,-0.48637452445294804,0.6976747835969422
JzzUhPQp,1.3421833600845756,0.9821354842903715,1.9424911630383423,0.03934110454747277,-0.6643935621990343
K05R8dQK,-0.31167734689275484,-0.1505619057703218,-0.730802438370019,0.3604430826806563,-0.5942753278412158
K17pG2mG,-0.3167941749699928,0.4966127058523092,0.6720490756037055,-0.629331988402044,0.17939124397250045
K8BellUe,0.01370941041677904,-0.27806192297449317,-0.012879164168469605,-0.10069240427869865,-1.064565452955398
KJ2eH6rr,0.13392156910561517,0.14007718650017012,0.3089536467726459,0.455564678225443,-1.0388253025092344
KJEJ6Glk,0.22345900710647393,-0.1362571472751147,0.15837770377536728,1.6105437528115774,-1.125968668724437
KSbO0oXS,0.3303498670093426,1.1473854516940938,0.28753631611749003,0.7062375966533001,-0.9743298927600362
KXtvmd01,-0.4250593491290918,-0.2161955283535625,-0.05243128332097349,-0.5390822217335154,0.5743451018493042
KYiJqBuJ,0.1484446453346734,-0.20551246715723548,0.2946331595982937,-0.43925993091653553,-0.687035707922048
KmbAyTcE,-0.24724022255267253,-0.24144151800935856,-0.06644170049089648,-0.3911867640516633,-0.3612581954022399
KnNyl3rV,-0.22119552016467212,-0.05318983908318233,0.10938199610597478,-0.43844327190771715,0.44813731252637096
Kp2DG8TZ,-0.21795566738098007,-0.16451697594915576,0.22179003824749582,-0.5864730796465569,0.6318976057085809
KqQtKWs5,-0.29850410697160434,0.2948324932244242,0.2756130573127819,-0.5252210753673958,1.0339584126336334
Ku27g63R,2.523082959230279,1.427619750159073,1.7663533487986438,0.9969393463404407,-0.5941624191196838
L2aTVqDq,-0.3591853571329645,-0.18491160914435084,-0.7674886088053482,0.8414000620168638,-0.5991023947130355
L5jvq6G4,-0.32503802047476,0.1572566193353593,0.1269455795305144,-0.6020432974859307,1.137222106313314
L91hYVQl,-0.24067370289224155,0.23487220788383195,0.22194491428510535,-0.6230453160351708,0.7378877142428212
LINAMlbA,-0.4058287709569782,0.05191733391018377,-0.27313293907235975,0.0688547931800217,0.2743198154351526
LJoUNXSx,-0.4275924650165595,-0.14009228555150746,-0.9789971547893356,0.20645203624539588,-0.43965644406501153
LLtSiyWD,-0.38054192034334194,-0.306979896501371,-0.038275755540120075,-0.5959073915273282,-0.21535523308698085
LQJtV8kn,0.016658029159454336,0.1950117382106985,-0.22670336687333253,-0.15738751244331614,-0.6559706798553371
LW9uddw7,-0.39790313115678094,-0.13726558492905008,-0.9330667736950631,0.8725783467643937,-0.9680064859120415
LZ6sdBTR,0.6498225977000631,0.9953998487227195,1.5041967883048983,0.694442065413374,-0.4231912749208361
La2Vhnne,-0.027055782325093525,0.21978475631401287,0.06513133423899198,0.31354797428793724,-0.4490440596560169
LaUWSq9B,0.17017910367354858,-0.10788829695278741,-0.039140964142989565,0.5835582381536836,-1.1295394621609023
Lk4SfkPQ,-0.24949528245101438,-0.09787076819620875,-0.3796267471105267,0.47123205999626494,-1.2032171503936777
LllC836d,-0.38958027327493405,-0.16458762051464504,-0.9385394684294917,0.1870737607259837,0.03556863568458269
LuGiGeWN,-0.4568557051643963,-0.16536402469008393,-0.42647031453048456,-0.15664320289210368,0.21327656833637776
LzcyHcWa,-0.42906218340696806,-0.06124751886881621,-0.19797382706432565,-0.5525090903396234,0.796913657484907
M7veP0H4,-0.347856989756586,-0.01161548957091945,0.13496216431719793,-0.4094996468924219,0.5451759089028233
MB8aaJUc,-0.32504930509588326,-0.1226233113064823,-0.8383226510863954,0.41901248147905185,0.049313803266342104
MDpe2zuy,-0.41872984363338317,-0.1442448354185716,-0.3196667044266247,-0.22224943684842535,-0.6591842198218976
MEzdmEIU,-0.42015825800687173,-0.2091782437679718,-0.4416654308238208,-0.42824255308666503,0.03502059800463023
MVnhtivm,-0.33589702577899067,-0.19690721981858128,-0.8794386165000201,-0.06764614963676822,-0.34693710944479844
MYU7WDis,-0.18165326310906393,-0.016243795845442433,0.26963764517670197,-0.6721841682747516,0.47189057409920737
MZFqh6yw,0.7705635218339417,0.5351693785718739,2.1447874527455117,-0.4073548985894352,0.06649014352494122
Mdgy4SsO,0.29701692897146603,0.9956326311726826,0.16783213014215956,1.281899680534304,-0.9249045117092187
Mj8awnzy,-0.3184195682538588,-0.186476234642432,0.4098187288126006,-0.5199782904837316,0.7959829056722063
MpFPbUJy,1.3843789552911547,0.6492235362749887,1.9223916640361183,1.3820110523409865,-0.7897814514949087
Mqk7MFBM,-0.33148642779519377,-0.1853768838127986,0.33563817167808296,-0.5571782201286007,0.4619377678611459
Mqs2t1Eo,-0.3176083668896538,-0.18965812424283293,-0.6042958985423366,-0.20799970840679066,-0.4354152186603518
Mv3jFVxp,-0.38549930535828486,-0.17052059522880786,-0.520595214916201,-0.28685393425432437,0.06099662201363465
MxODTXvA,2.0688058080423457,0.2614098528168409,1.0082116501426681,0.25707155014376626,-0.3656806088378193
N46PbpPM,-0.43737086123693464,-0.038083761556412556,-0.07460342210096488,-0.7192562368819597,1.0611189457587002
N5S5F9Gk,-0.45129780225604454,-0.09068529699823392,-0.36425532504725106,-0.04404842089012243,0.4748540094919456
NLDg5fqw,0.7081515894274679,0.02901257706681509,0.7908666346224246,0.4024154117520192,0.5742915253062625
NOho2ZiM,1.115805712761035,-0.061559763942053626,1.911057879302718,0.5822579390708028,-0.8479488490220092
NUuY7PFU,0.8724500199084864,0.17474104269099203,1.8536719669121486,1.4334175497223969,-0.9179803133317873
NV1e8AEO,-0.41448476875604645,-0.041810879816232716,-0.059467898329526474,-0.5098276593537202,0.8441260369043949
NZLXROKC,0.07251241191353673,-0.10892814242711102,0.2834895662123095,0.05517656055326006,-0.4365633153804185
NaJo7C6o,0.14473543739356878,0.04817640865965344,0.41184047598859186,-0.23965107870896887,-0.5330277833121242
NgsyGkrO,0.06330369892899367,-0.02132261508246929,0.20765144219945098,0.4194794009661578,-0.8484089609717923
NjOx4Zpo,-0.33432493411020286,-0.17209751525795774,-1.0470234709379733,0.9714865751008028,-1.0648395670911623
NmQoI7x0,1.3131677803795745,-0.1867644026758692,1.4744429221628865,-0.2287980926826901,-0.8426260718372726
No4wkdLS,-0.2834327483597921,-0.173944628686606,0.2347481978002507,-0.5466631289479382,0.34343661089299365
NouMwhOf,0.05124630336554477,-0.2982358095691701,0.09828624700511203,-0.0033998040458686073,-0.5967686513281646
O6YAWd8C,0.1684150048228992,-0.1617868874221243,0.11887929376707757,-0.23378949450356207,-0.5490036130517215
OAXVphSh,0.5867328408454152,0.004036764690361858,0.687305805533338,0.1281775734708649,-0.6096906540759691
OJBBhb6Q,-0.3394931044890056,0.10563341768577521,0.11064607786091518,-0.6121072649620196,1.3925576409347666
OSIQXImL,0.20195823037169383,-0.09135560887056676,0.1377488758394605,-0.027684041350830465,-0.962748329831703
OUUFc5Zz,-0.4451748852650047,-0.14978716677007775,-0.38880490802016104,-0.6515110666982703,0.4024200147249772
OVk1lquT,0.22257158421779033,0.9253754668418,0.17294341142602349,1.6530944903258804,-0.5377488040961234
OXdRxjzz,-0.3761259340208645,-0.2881823117175372,-0.8662423699632446,0.053673357061333145,-0.519139799406912
OXxW2ekf,-0.3420828036703288,0.09716674837425687,-0.47928505666318083,-0.4200541672106643,-0.2896740823622475
OXz5OpqR,0.011714423215473155,0.1457218563061129,0.35890798431315896,-0.313567297160459,-0.5318672281041108
OcBFW1AX,-0.3557205278437571,0.04154510446677977,-0.34353162823625716,0.12967564084980399,0.07643992697603841
Of9V2rpt,-0.16195369961370054,-0.10191544050981996,0.3730664666403867,-0.1205319034288501,-0.32569018367847247
OfLxPhbG,-0.12393725979692854,-0.1002891523612548,-0.22656235174829598,-0.044400114950391735,0.30257864899025316
Ojx2vi48,-0.3047867296158122,0.05606344171153153,0.008966087422372844,-0.5175133779622941,0.9868011231553371
P3M32iuT,-0.23413762393468585,0.3808751222748176,-0.12715930215961485,-0.5761850676369704,1.0802863434919083
P7olVzrO,-0.42206566999712036,-0.1978237169495856,-0.44265321099370836,-0.4369215533783211,-0.37014641164739603
PAPHErnv,-0.44568459800026683,-0.3056425490371175,-1.045489455550165,0.24115880144450835,-0.5726635579172243
PBjEtfXb,-0.3588997496679006,-0.03869617930262276,-0.08663694407902396,-0.5511148104180282,0.6260300917174013
PZGpoBBj,1.265341148988149,0.689000623318047,1.7272153144676496,-0.18479514914579467,-0.7733789977099054
Pc2RrxXS,-0.28676809310521423,-0.3146116307294628,-0.130334722471336,-0.2071505030398555,-0.48825965654501163
PcHQ4FOu,-0.34442150159242346,-0.03234091602730336,-0.11175330306422136,0.11043504645265952,-0.40092816091155753
PeNyTOVN,-0.3031641333814242,0.022243121261890972,0.030023037561450163,-0.34929881521131145,0.022427758815683815
PhUPSU53,-0.33292199587901855,-0.06519382167076121,-0.7726020095710243,-0.1874359390921358,-0.4889979363555886
PmUNeV2O,-0.29396514260555523,-0.1823569752755339,0.10419156095995259,-0.64280234547691,0.8707414957199617
PoDJ0uvK,0.8376438841513847,1.4790084249185353,1.764656785337762,0.6082882797956597,-0.5599367531816708
PsUJdJdg,-0.2892187199719075,-0.2030290329468949,-0.23373110171871794,0.17986030763478233,-0.5100006820336224
Q3xLFx1f,-0.3000598547695857,-0.20413873484517833,-1.0542597759900827,-0.01274635466830628,-0.4013555504290566
QBGxCvdM,-0.05161291884357921,-0.26694714534394487,0.28843159527101814,-0.292954108651044,-0.5838652824465226
QCEPyu6L,-0.3686971001093736,-0.3077365806965006,-0.9086453764124847,0.171692603815625,-0.5569432896827421
QEfwec4s,2.213755991030428,0.3144966096224454,1.9412710090049194,1.9402126234829282,-0.711728247531555
QZ87Nnr3,-0.3706261995890913,-0.02101093836385316,0.11885256454924915,-0.5392701970358353,0.4963280785459973
QlyGN9jv,-0.425343462936322,0.0043073790674135635,-0.20100924651364246,-0.5031511132037729,0.7948123177899471
QqgWE1ny,-0.29857340425146606,0.5526035946842763,-0.19885860269141165,0.17509104806876993,-0.4922719380144634
QrjjBpZd,-0.301296451841481,0.6412003751337413,-0.9904457416714252,1.0556117373848348,-0.6346995928242994
QsaBiX7V,-0.2228072654923433,-0.023092228778023225,-0.17930619704331524,0.1928148492067933,-0.49159248536253636
QtBKJuZk,-0.2272432653183221,-0.3051413386554013,-0.1223487211186318,-0.42615062342289206,-0.10197954222533191
QtPRO8OJ,-0.43867700554427386,-0.2800498171023176,-0.4013708704172822,-0.6380151404710321,0.24160397532307504
R8XcsFnp,-0.3234532622500162,0.32096161726752476,0.26876259009482245,0.1764776580904234,0.497584766752197
RROfRt9z,-0.010289059673580942,-0.2216553368261251,0.08869317407337027,0.6363827416774559,-0.7901502484307511
RTcbiDGq,-0.35997889865447663,-0.32927113793662777,-0.2048385992639963,-0.3282405353947217,-0.25760956569053517
RVidM9g0,-0.03814206639248725,0.5819387984078586,1.4820699734357266,-0.6556036235130267,0.36706095602766703
RZnQSH19,-0.4448050484014487,-0.005515458360021799,0.09279683884373963,-0.5983132415520196,0.8220153525061312
Rc4UK7fT,-0.3937874144632519,-0.0818385852037436,-0.5050310177005466,0.2289466581969954,0.15673050753628073
RcKBKh6B,-0.39326344567491545,0.0011514145098033015,-0.61249426853563,-0.3884628700112402,0.423417579075516
ReM5kDa5,0.07364248247974672,-0.1439952509951265,0.2240063001414574,-0.16598139849171784,-0.4723215354529377
RfntsotG,-0.4403191104155899,-0.24937841417900816,-0.03943827656079266,-0.7017882640897389,0.5365479105605876
RiXMlzXD,-0.30776071527799637,-0.3348719890428907,-0.19213246451995983,-0.551237362925649,-0.5268059149102892
Rik83O3m,-0.35178610382225317,-0.014807885553150647,-0.32287741594019936,-0.2840805622399215,-0.026958998755605403
S3PCzDzO,-0.02156441245078577,-0.17919315017845594,0.6248999321462718,-0.5447155564710376,-0.1899958644785598
S77BviOJ,-0.33241664546295263,0.01371696074262312,-0.10549616998233292,0.061826415407240286,-0.38833043769422326
SDdvtktF,-0.31140589979653566,-0.1718239589325879,-1.0631915863767998,-0.06385174581060213,-0.5625216536438753
SHs1AyfM,-0.3060084733253421,-0.15996450215765057,-0.2671756557989977,-0.3156356681150156,0.7287864003596525
SO4zQy9k,-0.4430211672924371,-0.12744351468616544,-0.15189887726350806,-0.5139949924160302,0.5402710397039091
SOOBCoiG,-0.42890106989239,-0.1137914524539626,-0.04059827879199151,-0.5545207518666729,0.9204139773873369
SXkkPB7A,-0.425362255209907,0.08526446755093044,-0.14993723650101973,-0.46361561456606815,0.9068813687205869
Sa93dGqq,-0.28934361824800214,0.13770307736536036,-0.23577314457848403,0.3135575239187349,0.5702682243468531
SonIG72a,-0.39691388557676816,0.10354088117310865,-0.16337159029076656,-0.3301462026977695,0.8130585065666619
Suf6hIBc,-0.4330367018391053,-0.064615100729563,-0.19727324405588118,-0.5562946530752417,0.7775382166042261
Sx2JeSRz,0.06137071284919268,-0.003545741550184399,0.5243840858797122,0.1331403731851579,-0.17017726501111885
T1Tlftr4,-0.3085835241625345,0.011444634868932824,-0.30743817801878875,-0.6219790872402783,0.7249378259485988
T7ulR4ci,-0.3532388461046119,-0.2499369943358695,0.333253565210717,-0.6625202480151023,0.8375715083635101
TA1NB3Br,-0.4157041241950361,-0.13049227348121092,-0.28877758422656635,-0.5311111919198006,0.7721047201906948
TFZUskaK,0.07539987171179557,-0.22523622595846804,-0.018879111034276842,-0.04196355149035357,-1.0718891379050304
TNL8HGWZ,-0.012342279848524368,-0.24693829679068968,0.255227993517956,-0.2338702088835204,-0.43646711633811686
TZ8z1GSF,-0.3562798059336247,-0.3178638718459417,-0.7992273042213456,-0.37663719344266716,-0.49563150021973423
TqhRvkJJ,1.105973872323919,-0.2015186962821453,1.302841363534682,-0.4182442918510836,-0.9136311019647401
TtJCUiY4,-0.39846647299333904,0.2544612557483854,-0.03864761299476053,-0.4546856004709903,0.9682192418747282
TwDq0lua,0.1676211828334659,-0.028334233260036954,0.09593726748600147,-0.24591845324739836,-0.8648713995593894
Tzyf02sI,0.06497385774147878,-0.02232424730754642,0.7275643283636015,-0.44123897203166446,0.7101631096507086
U3yI6ZS5,1.7621751322283945,-0.04088916951293779,1.9557295902489347,1.59091026726505,-0.9678181298289782
UBLnXZAN,-0.32874440864375026,0.46554928468338497,-0.9671977035171531,1.6784002470577557,-0.7134290154391623
UBWDzleg,-0.3424233983747692,-0.1161074935667291,-0.4525090663481497,0.3382570825280999,-0.6510691215196525
UBqkX6SY,1.0756291175953065,0.9868683041478546,1.936377852384601,0.18842770652187518,-0.6927526866110852
UCIAi1Aj,-0.18050392075331767,0.13576926879955145,-0.16127091191723703,-0.16417154498037367,-0.4056250845128473
UPbXGvCS,0.0812937901021474,-0.2423769492472654,0.24956073860151823,-0.28573146498081764,-0.7064356108589688
UeWm1l9F,-0.3930792663684042,-0.13593429013623917,-0.7385418488572408,0.8799438008278296,-0.029259043833781605
UhucscY7,-0.31481421811063626,-0.17106578190979,-1.1197416686081647,-0.07984399131008212,0.006074382772111835
Uri1SvHV,-0.049497777920158324,-0.08117755012827507,0.08720572468976791,0.05551338218719556,-0.5983922587299276
UzxipGJS,-0.4230563551632458,-0.19904780956398185,-0.20416845812528842,-0.4956753271673432,0.4574021563509529
V74zfaAQ,-0.021049480779635633,-0.10064243054848303,0.13540005121425924,-0.29677189057182224,-0.4800800543740343
VBPxBLTh,0.889916285190792,-0.005058822235068476,1.5704509607055592,0.9800370764812486,-0.9637084414723478
VLG7CXYS,-0.4045257749970274,-0.09822150037201545,-0.2376655264637393,-0.378867546861909,0.29405618647998066
VNk52SpF,-0.3946002538788483,-0.0938024980588965,-0.9932044414179466,1.8188980878871752,-0.9989573957648729
VOREKsok,-0.4561617439781229,0.3294142458082709,-0.46899912607489525,-0.714865512267302,1.0182070401744099
VRhTr5pX,-0.3852619499373937,-0.3133826989528813,-0.09187143520400579,-0.6526073464556131,0.11741731366154187
VTcG4Kcw,-0.3301238297151292,0.08742218481878894,-0.26719338746743193,-0.4541300861383595,0.7233276620401594
VeKiWSbS,-0.4179467148318136,-0.1579520028592393,-0.18319268778832026,-0.5518580409114069,0.7037137522593896
VnU8nJHU,-0.37522879861303116,0.6610454866401024,-0.09537483301111355,-0.08135583078224834,-0.33155720585592613
VueNCxYv,-0.37006732817409543,-0.16121233153560674,-0.7252251521932636,-0.13219267357101966,-0.11686936249945264
VxuQTRUl,-0.3232229651861766,-0.1787840651019309,-0.20748897742194758,0.0988138023330196,-0.6174106411593644
W5lgaocA,0.6421294755229239,0.7613759129728039,2.077473863297176,-0.4416118346638511,0.09454100992815072
W5mMq9Ef,-0.4009551907291114,-0.10366783897085394,-0.7211167552953697,0.27028607596917165,0.011685663420079498
WDhNqFpS,-0.009402482055958863,0.23652301418096308,0.0993856477185916,0.14705418624770192,-1.0136389280307048
WE6n1kZi,-0.39897177849179477,-0.1345946504357652,-1.0931712808686258,0.8205925180049037,-0.33629557758929435
WFk6r3vA,-0.42591729107846044,0.09654560753339687,-0.3303495549293254,-0.15093682757058255,-0.20766415008311034
WFyIrsUR,-0.3495613938307895,0.15369171890460318,-0.9053168938022984,2.3418138517230465,-0.7977368831528905
WG6ZAsqR,-0.463787844894875,-0.05098794135983086,-0.37217717992397653,-0.6847774032313335,0.8083421745311158
WMq3CZQk,-0.33567756658044423,-0.3040261497608628,-1.0860140076879623,0.7688277748170826,-1.061859548383728
WRskmGjh,-0.42890124218826176,-0.16437975927400153,-0.43916896259154725,-0.47126484585112605,-0.5801644465013115
WXijSglj,-0.3148789053702991,0.6738212652688845,-1.1113287874244306,-0.2583342619393701,-0.23796259583127186
Wc0stQgu,-0.397908406909267,-0.2896649641653692,-1.0355630886640137,0.2190141685700703,-0.6328489500264459
WewoSCUB,-0.31023106595926003,0.23634974379443702,0.028975473613491107,-0.643063896698284,1.0598935441163675
WuHuhHWJ,-0.40016867970389164,-0.20267092503313644,0.37417118120067294,-0.6726862494283528,1.2636240322468577
Wv7EBtZb,0.45528403779141124,0.415215792941142,1.8584876428220638,0.08967046176259147,-0.6564814052573772
WyPlxDn0,-0.4146010691285549,-0.152176134246932,-0.04980342302705845,-0.5310907419285829,0.7257974084823284
X3WqoSNN,1.681604641198412,0.6344467962460149,1.7742786890045739,0.5532542149035542,-1.1266841583588572
XDhyP9KB,-0.44151054310686844,-0.11968864532256304,-0.5005603960200616,0.16027582017657974,-0.29374429713022915
XQxhDRMG,-0.3763533874998757,-0.12182661768237062,-0.3600642545731544,0.13186072135724702,0.483579784860952
XjLNAwxW,0.16132715625786315,0.06149972998024765,-0.00012429804706676762,0.010143446249933354,-0.9784888838306274
XjfVQbXd,0.3009295246257468,1.2101761625288077,1.4983897536077453,-0.3671681116939176,-0.5353058776159628
Xovczbf6,-0.4595606079934661,0.18431530091074294,-0.41817145962983504,-0.7280893197181717,0.9656399929490392
Y8H4onBf,-0.06762870531182479,0.908833172611799,0.49104402054878227,-0.4839126193156268,1.1031191353574183
Y8YgzSZ9,1.3804700921202464,0.5163921816248207,1.8722532489960293,0.3917631904544852,-0.148775076665639
YC4PNV20,-0.332011108759108,0.29416100642995213,0.05140216467682203,-0.44416949173600256,0.16938113040947
YDHSCRdd,2.9067477569561406,0.40312285365246026,1.9162785661349773,2.4264957615953393,-0.704606095680608
YIJ87aME,-0.1563451681566418,-0.031124001839974495,0.2807841350260819,-0.31255174944671343,-0.05244318207390195
YKvT4dFv,-0.42127405770734244,0.047932364497833745,-0.8181897850507159,-0.36440063478990387,0.33193132209357357
YNebALR2,-0.44742333191751466,-0.17715423313685685,-0.552352677092102,-0.12160307520195535,0.17727987304974085
YNrnqFyb,-0.27966658659511845,-0.02638960076736165,-0.002328889481889608,-0.3474213019745185,-0.19560016745642642
YUZ4lR3m,-0.3650144558403135,-0.033030251601020834,-0.5968812992073254,-0.3814100512882073,0.19514927890362305
YYLvjoVC,0.1695635402176212,-0.18102279831140705,0.21925301047918888,-0.08361706182520404,-0.7169320077717883
Yb8OtMb2,0.13154468315524528,-0.03987892619648556,0.10761511156942817,0.16370496625562125,-0.5546796718728547
Ycg4lTYw,-0.26948927242910115,0.07356343098751852,-0.8599483440344678,1.3272216578630123,-0.6999684453972759
Yfk6tekH,-0.022203371109767306,0.6152437551877878,1.438741722189162,-0.32803069464494006,-0.477531082383046
YoSfgmR6,-0.4143954994318484,-0.1727401528376717,-0.6965011728751368,-0.06811930991409765,-0.6278298704536757
YpzFvexy,-0.36717737511847937,-0.3174887877272771,-0.7703313486875584,-0.07808491206418794,-0.4955181283979197
Yxqppfa3,0.04622362676206564,-0.22717563070332664,0.10506855832500589,0.5791547796932527,-0.7714505218404074
Z16jTUvP,-0.3314093250763939,0.3002487190692978,-0.690340076446315,0.15273174542669923,-0.1699317782418013
Z2BdCCbJ,-0.4309887458768485,-0.09400095152320204,-0.20424002311898629,-0.47330396838276195,0.7440467873180642
Z2JJMM6V,-0.3448192515105422,0.3109557213266102,-0.4539935316386353,-0.03379681646505889,-0.08584248160365038
Z5jE1OB5,-0.36183987513257176,-0.19089520858442438,-0.07124388625724269,-0.2949446073050683,0.14791783918205667
ZFsIqYxA,-0.3799074837392377,-0.17347578198583163,-0.6783248254694056,-0.21433807467057409,-0.5733514922237091
ZHDVsoRh,-0.3221529353227768,-0.3185970733228416,-0.6928758936513129,-0.12375814607360905,-0.5234076522492965
ZSmfu2Fc,-0.42656879133220377,-0.15124774997158416,-0.5982249116008647,-0.06723935226516892,0.09323663322032592
ZU8YXF3H,-0.48175150935075883,0.011188649203826749,-0.5043997938673992,-0.683974031182802,0.7868487512329955
ZXKaNy6Z,-0.2697469877463035,-0.2054645058943979,-0.5490582265528341,-0.3858639738576332,0.6655583481819727
ZbYLo0zK,-0.25840519659700023,-0.3185637824422391,-0.07836456075896385,-0.5007633235759034,0.08752840925001651
ZedN8Gcn,-0.3559850590234135,-0.328312897924085,-0.13874374107281537,-0.2070044458579658,-0.5619207859412314
ZgD4Dau6,-0.2889231582164391,-0.31543305199174665,0.0011958839095229357,-0.57355839723791,-0.59648470597427
Zgzf79LA,-0.28990929066045,0.056804303526544794,0.2439386438417333,-0.5745878233315602,0.8252518013656452
ZjqzxDOF,0.29571118412618047,0.8031011982271734,1.6871474924334555,-0.5814866795254784,-0.47432912672866906
ZsZ5aDpq,0.11994541079326232,0.5315594133391744,0.2567453240063616,1.4617124953278553,-1.0593673191461095
ZtyqE7If,0.07897422412099533,-0.23923526546099652,0.01914297694119405,0.33103193121621355,-0.657014146125486
ZvUgz01f,-0.31500247611929455,-0.1043344100621699,-0.38790458207074485,-0.6622838952138462,0.5547413294350816
ZwrhgdQV,-0.006759685173163461,-0.14423088981404647,0.4429164583629245,0.6937787763709428,-0.5068027079835018
a7bhJGBU,1.466288998483019,0.0926874506095594,1.673701297877712,0.794743158609512,-0.9657468122225659
aHpv6KzP,1.8266115633149078,0.11300720145224163,1.8636818922725105,1.2512640852125352,-1.032780120415877
aINzEBVN,-0.2452526474400973,-0.01237635711679197,0.44432905664316313,-0.5623973388361863,-0.2609567100156234
aP9EtTGF,2.09372613750736,0.6132773934753561,1.9343664020225055,0.17228228697483808,-0.7870582145120726
aV6EhtSL,-0.38579640114233066,-0.16213846952354166,-0.4124890707308233,-0.5610928524854855,-0.6473560738130072
aVZsXKoH,1.2160747271442436,0.5501049904247132,1.9512715949201556,-0.28195347450547614,-0.7795922772462106
aYVnVJvc,0.1494480927965129,0.2940790377499104,-0.09007051211409065,0.2890483778632848,-0.5191202455242148
abCzN1zx,-0.37520763128644397,-0.2944191961552549,-0.8946515740659886,0.7685335212076413,-0.5463229336524715
ae7sMiB4,-0.12020638536480523,-0.19191733120730559,0.1600841486092544,-0.21754023702968173,-0.3966899957873496
afsVuCGV,-0.3548299388827168,0.03928856120013162,-0.44351599984023166,0.2967206500527743,0.023477195304898127
aiwBQETI,-0.04803210390088458,-0.23675013875975354,0.24887357780308378,-0.1645926267044791,-0.4865513285299844
aiyli4EI,0.8381849261893515,1.6961807101742459,1.8089525781547122,0.3914433009779231,-0.6049588314040394
apJ7NmzD,1.2847399660520593,0.6696897370399749,1.9610991886153848,-0.059239875170728394,-0.6304778179545216
atVjNMtQ,-0.34003829957644205,-0.019915369970674373,-1.0682256698864487,2.0384961148693956,-1.0240402445815426
b5GirVGV,-0.4364649581864245,-0.2640760092034313,-0.058404901708400694,-0.6852577262394095,0.43164406558200646
b9SpMjNB,-0.3103741786974466,0.255247070252958,0.20471034827448,-0.3215549399200427,0.6758799104786708
bAFs37yy,-0.462609767161464,-0.12913653907670086,-0.2968931853646046,-0.6757572180541526,0.7443937203704509
bDia1hHV,0.04607684265981993,-0.2127585621750188,-0.206233999940945,0.43721244442404894,-0.6564902217464139
bFkv5Mtr,0.0014522028900689262,-0.06799751482227388,0.6195624557989501,0.04829310781935625,-0.3000409974385384
bHe2IXgA,-0.34267382648754974,0.10685366936774375,-1.1926715669204586,2.0472405011623636,-0.9695526539842372
bWX3vUm5,0.015761300905882,-0.003094997783625787,-0.0184529051490626,0.0781060628839072,-0.39235508423068666
bat8tcGs,0.008694267532405731,-0.31627484636811654,-0.18897211987438833,0.5136993314355182,-1.2002085153427335
bfjej4wu,-0.2984481640589289,-0.21943892188899014,-0.3196402231013751,0.24843743164484589,-0.8179395471304665
bh04YDiP,-0.32258823792224733,-0.18324405472163768,-0.6216589629716489,0.2593854201990425,-0.32965640650595035
c110Fdc8,-0.3857820546208918,-0.21709122469786502,-0.2526927218233512,-0.5884393615165102,0.17014048187161698
c32GUzMa,-0.34848756033185607,0.016529635916280743,-0.3524923912594897,-0.1116885572013839,0.47777895083628935
cT6uU0B0,-0.43889344374340156,-0.013758353238838854,-0.7657722849221495,-0.41286967153751364,0.757681898449916
cWXCiFwh,-0.4164266864249669,-0.3028788551652524,-0.762334944946801,-0.15968388129428765,-0.6763200505777468
ceNvS3yd,-0.4579969339716577,-0.21239294524713756,-1.010322507079276,0.10367790047021894,-0.05136172992066852
cmwdt4Av,1.2030019449024942,0.05825571382171191,1.8269263724552076,0.297348842709537,-0.9456227646995328
cn4EHsup,-0.3936741160507171,-0.18605377697274336,-0.7943224525537447,0.041956560736411595,-0.035086041218874466
crVOGGTT,-0.32063939770597716,0.10355553442471768,0.2599320553568032,-0.5553063985866807,0.7248424094094458
csPEJ1E5,-0.081027905445722,1.662107381797417,-0.2621047243079044,0.4464756883576634,-0.4130431149636519
d0UrRtMk,-0.4097193359138792,-0.12429335088132279,0.10318609285826932,-0.6798705313868628,1.5576833541952313
d6LU4G4I,-0.30035378269905005,0.3853111722683484,-0.044428782617960676,-0.03930774716372277,-0.0366670237067684
d74T1DVv,-0.3506341748047015,-0.3099159645536959,-0.9971857014745648,1.6101382549933136,-0.8881820101097005
dR6rM1tQ,0.0012696096489863652,-0.21236418414449418,-0.028391269750904204,0.014147515461513431,-0.9587019023317415
dUNxOoqg,-0.3854500137880039,-0.25606727201405294,-0.3820445893447291,0.4219761213087274,-0.769077337160243
dUnlyhj7,0.3709401605688607,-0.2602204286677083,0.8487594274226424,-0.5143067744914765,0.22402487877156393
dVDlnZQ6,-0.29846738363301234,0.37218336872764246,-0.8597278764857813,0.18794648042009598,-0.9421036381402657
dVT26GDu,-0.32356599943899234,-0.07189317400463036,-0.0013741939254416856,-0.477295379585591,0.37254732661651735
de43ycXY,0.15663760804220764,0.7471562841748127,1.5443837044421078,-0.3052986603830544,-0.02854601505914702
dfIn7m9z,-0.3452990311909106,-0.31527132786870504,-0.8050961302430844,-0.011025595329622677,-0.4065696796239201
dhmb9ZY9,1.9820263749943188,0.5769135931149221,1.9240741159025156,1.21689501557614,-0.8742304409056746
dn8kCuyf,-0.2654861158302067,-0.2667996593872525,-0.08984891555913724,-0.4320510453080459,0.6077431173526568
dpcquvWW,-0.4002720305006802,-0.25332040165947073,-0.22359989077141923,-0.47067539191788527,0.17149434994324333
dqcbIMyr,-0.3981943770294562,-0.08228040649659324,-0.40143327999130535,-0.18414062806995843,-0.05869621017480044
drWgsBf5,-0.344395081162847,0.16656716213452824,-0.41582700204183043,0.387860648417232,-0.7684965161049643
dytx0HSe,-0.47349143408987276,-0.12092300391004272,-0.4457597173060796,-0.6898706737253625,0.8988236379552756
e4KkkIha,1.1816622670098251,1.0437871444302262,1.629035384112609,-0.05821987378545646,-0.5899659171799003
e9YorH4m,0.8884553526679371,0.36987017204596734,0.9839405291635035,-0.4295401673461601,0.4119059312202561
eB9gVQ0R,0.2291962157993478,0.5997212219302641,0.10129024391569291,-0.41911701531651646,0.8190818753204013
eMhLFqU6,-0.3759423621153352,-0.06355821101812037,-0.3698252183402944,0.15578464889075244,0.057535285380372045
eMllg1qm,0.26800696738770236,0.9152670720052234,0.4303309868637422,-0.12273439763659866,-0.5141957395015488
eNPunZ9i,-0.3071964871231768,0.048302733289050694,-0.248711610318145,0.9341677701773627,0.0959586143368603
eS5BSM4J,-0.4368670410993367,-0.11311564791885705,-0.049246316425017776,-0.5395627294169228,1.4244494129181828
eVGMFoOI,0.18724668128931085,0.21554216137304255,1.0668940280485197,-0.36825550949044605,0.21990468592728163
eaIwb3rG,-0.3489442174581531,0.3689726608703684,0.006253695110067694,-0.47005013710336085,1.058092515858416
eyzw8Vis,-0.4481313485128635,0.0992118392965232,-0.3546682064913287,-0.48200042164172685,0.9067299323954924
f04Ke2bN,-0.4192462003855581,-0.07174716878800562,-0.5264587633381628,-0.21632914732590872,0.4729328792642846
f4GA0te1,-0.3555748847934764,-0.25236265881504444,-0.14107550684614706,-0.5979431559831371,0.18463700657100268
f7bd91h5,-0.3684144491103025,-0.20281760942407562,0.01921428080583938,-0.6346082104034995,1.2458867463587118
fB7z9ndr,-0.3896825339116251,0.4223865272324211,-0.1968715235863356,-0.5321715420917001,0.8942572919114924
fEe7AWFA,0.11161035423360383,-0.14546703827686583,0.0705145242956728,0.5554938539549057,-0.6562748177224106
fJJIbgY9,0.2570611397742925,1.2221465421301856,1.2306545479178326,-0.2818998962777765,-0.5172648893497228
fQBURMvg,-0.43061238264288326,-0.10017210955695982,-0.3204053824014089,-0.4883972645489486,0.7834923299715899
fS0HpOub,-0.43154204523872314,-0.22076739454496316,-0.07245339678757179,-0.5903880744366262,0.791140899317079
fTDXauuk,0.0694204630040394,0.6653439927827911,1.33778104715597,-0.32864994626512056,-0.6950013399100569
favPNA2N,-0.32032231136710665,0.12198994228450877,-0.22606082875155364,0.12916197817386443,0.17867410773547887
g3Fv0U4k,-0.3442688982925852,-0.07377623316337166,-0.9172219518911462,0.7284868616316393,-0.6353494074018826
g5PKo2E2,0.2834839485524525,-0.18591799818792373,0.5941120200375019,-0.027269384668665065,-0.5692996753809068
gbjnD5fe,-0.4160220197984677,-0.17526487579779793,-0.47266635549511926,-0.4949952602455305,0.3484893812173862
ge9zqXCv,0.14908375983725178,-0.31028886698700214,-0.1078532214893979,1.654991199779345,-0.9001132356375594
geeqJpSE,-0.4394172342545564,-0.20060328172074346,-0.18969343847315406,-0.6907903157120256,0.722127008937707
gqy1J2RS,0.13694426117156377,-0.029903653580159534,0.23432212216117154,-0.05085799913255748,-0.8538385162479283
grlUtS3H,-0.2289127701290196,-0.2959320799201787,-0.7762190399191587,0.36605327722850234,-0.6740671778035646
gx965KYj,-0.18937783570146244,-0.2860335235221808,-0.3570395821677299,0.14591473771720082,-0.91362373527894
h3F08Vjm,-0.3987781192890533,0.3327254307206621,0.2329867086908896,-0.5320412489587968,0.906712011797514
h6FQG8Iy,-0.3918826192270936,-0.009244036512593248,-0.08626813595165345,-0.6268785839299329,1.0832181863840264
h7ftM8b3,1.2262774053493508,1.000318442901817,1.8709923753518383,0.09413450391484174,-0.7128006616940746
hLrCHXZv,0.121438032939005,-0.03462267376117285,0.4140877011240165,-0.0029332394742338686,-0.4480219532678391
hQ6VBuFx,-0.1451214370902379,0.5900146427118084,0.021590685495839798,-0.32445641382751744,0.8813203550756604
hYoR2y7w,-0.050435524297663396,-0.21855303336258136,-0.20438817322270256,0.5002631707144929,-1.0780735163165438
hf65yZkM,0.22311065786410272,-0.1627695099450016,0.38819675637648543,1.0103309089340056,-1.0370952992476712
hjuwe1x4,-0.2954815550548741,0.07054660273705687,0.0362614087629872,0.00048203471602217607,0.07807608087633185
hyINlsFR,-0.20665260508014405,0.22257142356457155,-0.13622881896339917,0.18037577041526906,0.5316985087212608
i0Qlm9Bv,-0.4114785427688375,-0.18426196742980028,0.05322896101225685,-0.4599629780038888,1.1434069262037847
i1VxfxMb,-0.36617962048206537,-0.09302335521597131,-0.14750935566992182,-0.688512092741744,1.1198190407303399
i2l6jXNP,-0.4518035939236634,-0.06219795654417951,-1.1243900708635932,-0.2082736817851443,-0.26473559298273114
i4FgPZv7,-0.360658682238858,0.17133408153175408,0.14007085245010706,-0.5970521381384506,0.6427242512003319
i7XtIkSi,-0.1865138840694421,0.10124923845032104,-0.02892444314161737,0.17156106992485118,-0.5455574996007435
i9z346Ut,-0.3595420410348954,-0.012339458971445887,-0.7097499553522744,0.5748268975833468,0.37629142910508506
iDOat4cZ,0.7546994532644149,0.9689648774189241,1.825049568248623,-0.04690302735930613,-0.6183312258471445
iNv6RoSO,-0.4223424787184279,-0.12070512837080875,-0.3970280949028537,-0.35844747997592763,0.6371587576838742
iSL9NYzy,3.094394282569303,0.32502522570089915,1.8862182535505456,2.0621434387627375,-0.9037428596158813
iSqVc1r8,0.20006233904911636,1.1490742871149187,1.5160546053509183,-0.37477593681438826,0.017477611148043873
iYZMftt6,-0.021554546275494482,-0.2863725122195258,-0.23821731290628506,0.5164562765466677,-0.4581178694887771
ieTPaa3c,-0.42355482233694497,-0.2544026217195165,-0.7987006380616684,-0.3036806919868523,0.06614155974812407
if7BmzU0,-0.4386100309961978,-0.2036041906138293,-0.472871918503933,-0.6597238886448646,0.7317248057359764
ihNz5bmx,-0.40016200372694655,-0.13565426794667468,-0.5797717463551811,-0.15089451887554,-0.23780941054859114
ikJXKdIN,-0.3102414351182124,0.04920214842117609,0.2235140980747548,-0.6498118212965796,1.1203533620106323
iq2kxikN,-0.019849563554263736,-0.2671712364473637,0.21311907173958883,-0.24839012982621209,-0.5510150585934739
iuZEDJK7,-0.4419593517872412,-0.21216391266040563,-0.2989549095909949,-0.7042404101281867,0.7577471185802419
iyF8gVT7,-0.37570304599466176,0.054572244963783795,-0.01331057024493846,-0.6759363440976908,0.9293529800828595
j06qdQ0V,-0.386692933647322,-0.25224731770904907,-0.16508226369471285,-0.42566293754708195,0.0981545509654857
j7hl8svO,0.16717472565239952,-0.15795819186064175,-0.1424944304784695,0.6620951812248612,-1.1248093928582314
j8hMoJUN,-0.2960498498287964,-0.2720810999763771,0.003278810655081738,-0.6300873084559278,0.014602188664025824
jNaFasbV,-0.4014018936754073,-0.25469488428049397,-0.826747171270901,0.20930270190944789,-0.6568177999988751
jVVHeYHT,-0.17057151677148044,0.10197486658733128,0.18394619907312004,-0.4578337270023485,0.5920112322108527
jXm4ySvK,-0.3512341446316938,0.028968635214279344,-0.008115326928556378,-0.361821406246788,0.2545380582728015
juO5ii5l,-0.10886346752546251,0.1348316390487002,0.3830337364649878,-0.5380648480246676,-0.03222785617361337
k2hdEBsU,-0.4108816255123097,-0.21446179243243854,0.27202054526422276,-0.543767682055473,1.4401581879966272
k3ynMfhN,-0.05395270434098611,-0.1518329464665018,0.43065884305261015,-0.3438550896112841,0.1256976863244782
k9C9yBtr,0.08339338631260483,-0.02689576274740606,0.485945345134962,0.15276704259375187,-0.461763344187255
kAKRvcRo,-0.36281223508164173,0.0051052518226574,-0.8951843658355039,0.3952992507029609,-0.8678322427733477
kBi3R2oC,-0.27838570643877336,-0.22765388983934923,-0.12521841850712365,-0.18703448373756462,-0.38435946790394054
kDWmnsXe,-0.24608898940001298,-0.008142009897863093,-0.009823175976915458,-0.48539925994472166,-0.45000404831851787
kSGBd2Vh,-0.43619191282959596,-0.15781397327588098,-0.4639107164529142,-0.6723868327249266,0.6665631359270625
kT0miHPT,-0.40736491890958276,-0.20499497850556447,-0.06277463784972377,-0.48216391769960054,0.35656017807103424
kaW0TfRn,-0.3515978300009118,-0.26704274885041085,-0.7928162029173209,-0.38302524611987415,-0.19713683852049801
kmg3SowO,-0.3898016591983865,-0.18440303159179516,-0.622285743248162,0.278395255921295,0.06937864405588116
kpxKSlnF,1.2245341152850926,0.483397800849986,1.5953213524688648,0.5396300605097527,-0.2473613580039811
ku2cn1MV,0.21866437627841445,-0.12970600627005077,1.1577180682220811,-0.18583345960300657,-0.4797577895898148
l1su5HU9,-0.3143374519285658,-0.0458054541144229,-0.0015238926921212548,-0.47678103952755213,0.0441395690400651
l8Tg2RvD,-0.24775690325218944,0.24678417052357754,0.27029997828488966,-0.4488700568182555,0.4639888370237318
lB6NsVOc,-0.43253068207801654,-0.16725049373122278,-0.10989402949508471,-0.7277618055394478,0.8902659926645051
lEcdVyKk,-0.4716754599297801,0.0629762612209229,-0.3945957725184613,-0.5189433791973043,0.7867184479493804
lH4TasGl,-0.03438425369610131,0.1423036488398535,1.2649623417572864,-0.4819579069243972,-0.6555270244276435
lO9aggHW,-0.22257274698233995,0.31191597098684665,0.05225665066569283,0.3092791618251443,-0.09763985254352495
lW3m9Vzu,-0.36552036360819806,-0.15947764005295822,-0.7357368623544788,-0.041272615187561465,-0.4226471952988937
lYLseGDP,0.6317416877897492,-0.17510496156024724,1.0319291260011298,-0.25317394042146524,0.48686591846788135
lcOnCdZi,-0.1577258879806094,0.26757014468485213,1.2021183096300065,-0.6143658003855905,-0.34255807346576284
le9YGwON,-0.2502024209427162,0.23552738282218655,-0.0038547367170218083,-0.29910205488364583,-0.3907300394377253
llMvu3TX,1.287813453478609,0.6141773441341352,1.658941579621735,-0.46177936315067647,-0.11293424463838699
lnHh2jFO,-0.01254984753670795,0.4454787863239303,1.2735893476364901,-0.5172531138542894,-0.13778291503211504
m07CVXd4,-0.3914510214973745,0.2254985682029027,-0.31682862022355435,-0.6586699140779422,0.9019331159101341
m1lPk91z,-0.33244759249063394,-0.21553584694021552,0.33151678339711355,-0.6038998721743931,0.9866682177499306
m9IQdmwa,-0.43223348182611765,-0.2338042167460355,-0.07593875680785836,-0.5855311437998384,0.8093309174935949
mG9BRy5x,-0.309950132918076,0.653621466345258,-0.12647439143878297,0.1903983957580175,0.04920501873398969
mVHXnama,-0.27427322271590865,0.06521767635834663,0.46317171153748293,-0.5621565371243428,0.690931273448212
mXyrR6nU,-0.3625180924953615,-0.22751463036898983,-0.2373324183120794,-0.5063595563783911,0.8270628733919927
mbzNdxNc,-0.414794918302166,-0.26351274748579706,-0.537363791593992,0.06891772383448849,-0.45718989752015615
mntH7g3L,-0.03319329888578372,0.8420561606916449,1.396633524908011,-0.506145322407258,0.015788328903891553
msRTXP3H,-0.3469172713175687,-0.1399960391603794,-0.03663918317921508,-0.33617980882705034,0.15557342925745787
mxBjvIPR,-0.39022212025640635,-0.2661297827375375,-0.2768893513693233,-0.6145856490459825,0.1407356480789508
n8Opmfbz,0.8485007018886077,2.129976157208513,2.005798202897597,1.0934052009631055,-0.7959991761136057
nOkgU29Q,-0.32619010049144315,-0.10404754676556495,-0.23255121242031027,0.6482542289098767,-0.26088013603871807
nhttf7VM,0.10908205701421243,0.39060824964608265,0.2820624646922929,-0.08318584266652096,-0.4275183355252667
njLbXYa3,-0.38744607977766443,-0.33585581939670933,-0.22118965136181226,-0.3196953990411783,-0.5490454264805126
nwkIpzmh,0.19716319509546415,-0.07289973152326193,0.7737657852348616,-0.2831086553714794,-0.7406072098113312
nzB1R9Zg,0.14502817052735312,0.6823560869086687,1.5749921203877957,-0.21896698981493098,-0.3425848583910566
o1rZRI84,-0.38233265292290314,-0.125715999846846,-0.8978543197221094,-0.2298839573542126,-0.09586441440404718
o7q5Mbty,0.07714201299835448,-0.2699336966699904,0.00037204467952535957,0.1552655548883016,-0.7280783269946025
oCBvysqB,-0.4177108313816285,-0.2963848875028724,-0.6275199974891051,-0.17212066978185397,-0.6862583176600516
oDmycTPH,-0.355911927808332,0.18747516756137741,0.04813129350097947,-0.7268746095888183,1.407093579983105
oFAXZvQv,-0.4154673719332902,0.0620651912518176,-0.30965553619350916,-0.13414166300394478,-0.31949274297491126
oHE3M1zX,-0.31746077842691245,-0.0674702205151156,-0.45977498627359753,0.08470818617946556,-0.14815817016955724
oMhVmSpV,-0.4392301910618121,-0.28055440652937635,-0.6797361188093641,-0.34098148918725857,-0.261326501702803
oNsDqVbi,0.24095369714838302,1.3506244024364513,1.2405779163390216,-0.4837621308031877,-0.44669854327705016
oYAJqQk8,-0.30830324045655944,0.0013755874938178357,0.07834291841041037,-0.6825234648182675,0.9889546573204656
ob5Kb6dW,-0.4681814281250869,0.004183898261730556,-0.4128069115081007,-0.5140600566272551,0.778885087932284
obnzqs79,-0.29279597051614387,0.07286576215685187,0.16477175904424185,-0.5694041786641894,0.9474337480949981
oncLcgRP,-0.40404298195186233,-0.17884934190242144,-1.0781542227455017,0.07210426702320419,-0.16817294943939257
ooWVYaAe,-0.2952111845900885,0.39912428653445337,-0.8094497574130298,0.6915652327678637,-0.8923006581442599
osdyOUnV,-0.2673659786793922,0.0015967313086124907,-0.26138912338423853,0.6523694603907525,0.20683740634989894
p7H9CzCv,-0.2897771223903884,0.374273500228721,-0.1042452888126325,0.7286960136289615,-0.34019737163251035
p7U9hVhY,-0.4317117216224478,-0.1653538537663351,-0.10670647732644321,-0.5470873245653722,0.643636281057653
pE6Cf1RV,-0.3276951949940715,-0.012860608697280462,-0.24168109634107515,-0.6429558718405378,0.9426336643843807
pI7qzotI,0.10730837895170357,0.1037808336659643,0.3382405562766303,0.013071650962989225,-0.29746602980951864
pJrIA4sk,-0.3296726938160527,-0.3259423595046249,0.021298558813537597,-0.6478334642577672,-0.19376715798522215
pXne2CLZ,-0.26780517125818853,0.6725360183341995,-0.8105969834745019,1.7860617766339641,-0.8401170444484706
pZMcDIOS,-0.42916709858997903,-0.2274301381308888,0.1593725794484638,-0.6854111174027832,0.5554811377752726
pavfp3cc,0.04780021063117505,0.28914774308494584,-0.039114659646336966,-0.007461038942784862,-0.7617707158953207
pbQdC5L3,-0.3677603448229253,-0.013875088307802217,0.039694181790004356,-0.5644378012097738,0.12182884599529441
pgj7aAFP,-0.33252021759758693,-0.03802440641573352,-0.7022965916129467,-0.391773822226543,0.15430981236150987
pxg8G3ed,-0.06682766600610222,0.10496258542812832,0.03863188183715669,0.15391216972125688,0.7984731667398535
q36Npk6l,-0.34468461999937133,-0.2135694328865351,-0.03612007287859854,-0.5223713103144749,1.1322013717808503
q4aDOVvq,0.17725773055746633,0.1165806983871939,0.06126933705391324,0.41074858433384515,-0.9527194445575603
qGmfR9CN,-0.35680788436649413,-0.10499194662765758,-0.37770527424900274,0.4624283466057021,-0.4722076228014893
qJ51ODpA,-0.35958840734368025,-0.04223615440715307,-0.8599343762415864,0.3991737458965835,-0.12759859027336995
qQX3cs3I,0.027465619769722262,0.11907952053545269,0.18684167768406226,-0.37058189758835347,-0.6050796765407012
qXeIxPb8,-0.43066748369313324,-0.12595824151741142,-0.14869406228063586,-0.5269270691658794,0.7928716107214184
qYQ4MShM,0.06854725728852926,-0.16856497252320807,0.0603659986017409,0.21919637657743593,-1.0747881076398107
qa0etnhK,0.25578483249490824,0.1382312538888679,0.09614883243834199,0.06130908211505419,-0.6942712057212022
qbL4sboq,-0.1681933788769039,0.24369703310757246,0.12307383624481796,-0.43718685478027736,0.330971110595097
qbYrsWHq,0.3511062419343687,1.0144629121611555,1.9935008638313718,-0.30491078569800406,0.10474239165503517
r1zmcUqQ,-0.18691270496070986,-0.07024302558977437,-0.08733811967392527,-0.16706937806603403,-0.7101135583458068
r54iHeQC,-0.4391357167303455,-0.15272079173352135,-0.20602976517937702,-0.6700325744085114,0.7608872709671114
r6xrAnQV,3.3069060720596672,1.3103460774854794,2.0595100092183873,-0.00485555599919131,-0.24339311340558767
r9HxnQDg,-0.23845308405982876,-0.19040291156667805,0.36227015559434045,-0.36072944306264854,0.346470326359583
rG8Puuf9,0.6671236926669161,0.07514504492007693,1.4710522787609681,0.2561853208758227,-0.7994289539131644
rGuiefuR,-0.31985131071067757,-0.30132811112183433,-0.8733896778489377,0.3982512675548501,-0.7255590952672069
rJ19OhGP,-0.44163673739448006,0.1616588555429434,-0.4101916771624252,-0.5399687347283516,0.8789258701195061
rOCYepHd,0.040270883442582894,0.08050649099853112,0.45266505215150515,-0.3289029963239466,-0.3564148095473788
rQJaOPFI,-0.24117863740889853,0.06032713180142842,-0.0006413297999266432,-0.4121948356982326,-0.37008652804130066
rQhZtZeh,-0.35488790814097493,0.015900634503197886,-0.39343401027610886,-0.4827745158882676,0.4794065477834418
rapmok0w,-0.33677664349228204,-0.2260004172333044,-1.1633498799104753,0.21229421684057953,-0.108227932160524
rgzfnPVu,-0.02944570444247829,-0.012791297344508713,0.25503005013390295,-0.539897383558074,-0.38415579499899233
ri4qhb1S,-0.22289409282927167,-0.31225078859307903,0.2531498131306137,-0.577862354355628,-0.22949846679095662
rqpFYzff,-0.3536537383289326,0.4398197720549185,-0.18313472741427897,0.00104465394858066,-0.01875634489796769
rrs22coX,-0.41396264882707373,-0.13028887796990637,-0.00045901622983964273,-0.4891040414365253,1.0010576989890323
sEeUCQLc,-0.45975263802379374,-0.09191831890925874,-0.3770335054078063,-0.4207362056455986,0.5155750403446611
sHScwqQl,-0.4579607106753525,0.03240395614989093,-0.24284194469384424,-0.6859303750139784,0.9426995598983045
sNC7DiAt,-0.34605608220204603,0.2185343378737025,0.03628697537700035,-0.508896138835822,0.14505037107749086
sNK2TSs3,-0.43617570745435125,-0.20920275728511126,0.09560202692127971,-0.5153531152026728,1.008876477057714
sO7Su6uw,-0.31755487997857584,-0.1471131542903745,-0.3279831248093151,0.4219075641976185,0.031568761223772536
sOWZx89o,-0.457627053507679,-0.18005159795709183,-0.4047032975577949,-0.6021698502052923,0.7764478813242102
sPbRcPjC,0.03897397479739139,-0.09976512092799364,0.17386044315702645,0.02568491781283111,-0.49479508555329055
scVUfTKI,0.2661430758415466,0.9565857309550597,0.1524700157948813,0.2797556986335753,-0.8451335207934122
seRaGeVv,-0.17571928808886159,-0.17447090532184273,-0.03797343064212933,-0.4053257233795841,0.6206463762999527
sgtwiYWi,-0.37773836480751266,-0.2834745963824825,-0.7603350033638694,-0.10589691668206366,-0.5161559106943883
sjmLHcT6,-0.29445234673480103,0.6961466229789246,0.2646135263900724,-0.521587654686596,1.0520368266619529
skZUZZGS,-0.23572507468339027,0.299946065718994,0.13507611718600837,0.1343443296288539,0.1981140492943498
suAmzADX,0.2864118285587265,0.8710375063079002,-0.8551656644485124,2.791598198581749,-0.8610250209946547
t4GWLqlO,0.4995557291908903,-0.16843176116096342,1.165678096225831,-0.2631122712985391,-0.47168781780814983
t7gy6Jyy,-0.08666529007457839,-0.28882684921180796,-0.13307689264912465,-0.43553076320082673,-0.3260881575389228
tBadzH60,1.3455815850993789,0.634847981472483,1.9114293470550998,-0.1912798958993056,-0.5812205149397522
tXUWm0hp,-0.23015747160838018,-0.20087175601523863,-0.7384910264029255,0.6266537062159617,-0.5617485258717765
te6UPPxf,-0.4188199414395385,0.06691507921323671,-0.587085133580361,0.11238450780621827,-0.7390820856365266
ti2lamkL,0.11879098241601169,0.1618030342443778,0.47993803393909845,0.018510322926049073,-0.4944385300383907
tr0lpwuU,-0.26040683682986104,0.05096663506777552,-0.8809717133628393,2.589127530057787,-0.8227224483636886
ttdB5C73,-0.24877595730702118,-0.22785791331978916,-0.07087595510780619,-0.27612869462745926,0.12859700752251313
twS8YZu9,-0.40929864377122227,-0.207484252997964,-0.48649500818786073,-0.47196892920656724,-0.10424181373946924
tx68W34H,-0.3599664510666028,-0.17866182086526672,-0.7578780479873392,0.48444174537712464,-0.6773006911036241
tyQSX4mY,-0.17675211677839464,-0.2570893139568095,0.5281207830683801,-0.6595984207503576,0.2357138223398244
tylKCRc0,-0.4019067180748943,-0.24910241728401633,-0.004615103642667406,-0.6244668742720847,0.23029016239207314
u1544WUo,-0.2794542961815461,-0.23637733409995462,0.04756363660273424,-0.4545448564292323,0.34978930897675015
uAw9an0d,0.05472472023047295,-0.24937269313821292,0.08925645031827582,0.0773745131007782,-0.13582342957031648
uLZAEXMG,1.4614512595563844,0.7571751292228447,1.9057841080591162,0.6182020824250722,-0.7986778246610016
uMwe1s7I,-0.2726943313477247,0.08730784440962033,-0.96531847978646,0.9040625460954577,-0.6768920523575471
ufhGeV3q,-0.3644686351964504,-0.25473569135272894,0.023424925142177932,-0.5599354021144777,0.0444942188917678
uhAeGBHo,-0.31949074039087183,0.303343642614566,-0.08192503939936191,0.7282768593831144,-0.3887937927089717
ujHNlqpw,0.7509322613303854,0.9929417997442558,1.392796005205337,0.8824590758330154,-0.39718859143950946
ulV6kuhB,-0.4178634590570235,-0.07160098132391111,-0.38241386344487593,-0.5623216808281645,0.7183445667862278
uohEnNEK,-0.3895776862921352,0.026507276845225514,-1.0375868024605146,0.6239623468805222,-0.7080514095776231
v1lhA8I4,-0.4512370413714231,-0.17621853025634976,-0.2428231896073506,-0.7402067597538113,1.1709757544604267
v3JzigLI,-0.29846696367093517,0.47159866363787484,0.28023648030009696,-0.5713371234604306,1.0233592406054606
v5IwjyIg,-0.3796177574196202,0.19449502605436797,-0.9468740340959263,-0.2753641267193394,-0.19169444105975533
v6lp5TK1,-0.34399913894519274,-0.2127640592769122,0.3307917040672264,-0.6660473834574033,0.8638627084245925
v8vOaaWq,-0.42494592985668517,-0.1572860130943317,-0.9328027607205861,0.24262810468564092,0.19606208637577344
vAYKtoil,-0.353949816983123,-0.244408435989958,-0.2870880565471077,0.1202461376074637,-0.8435201249232874
vGTNQa6G,2.030503877804958,0.37467293366205334,1.6806235138260406,1.1882715547497043,-0.45514870433313853
vQzNxHoL,-0.4188549326802282,-0.2956497155449198,-0.5377863478950391,-0.2377365520396378,-0.7621076366860738
vfZGBUJm,-0.31698804876528636,-0.2739519961990775,-0.11972583977233599,-0.31347651817084127,-0.39946641537733635
vlooVUoT,-0.30870411758630345,-0.052882735556173725,-0.2064457631805037,0.3437988936570595,-0.3005172183177072
vrACvd4O,-0.2528382774119045,-0.25114988514381476,-0.06769070745567304,-0.10173294589097431,-0.5256714582407191
w8hdjLwb,-0.3154519502281602,-0.1721357011136742,0.1885309402862151,-0.45280595501824505,0.7878809533463145
wAntv4gH,-0.07061465145738755,0.6484096475910939,1.77568394904181,-0.43787405055772927,0.4061368434900182
wIUL09q0,-0.33431815943454785,-0.2689114042841001,0.13564995164933819,-0.6622713288237148,0.840286032874065
wOzx7Fgz,-0.38667186723985525,-0.304409933484777,-0.14016788768150584,-0.5494653301646408,-0.10428431127606098
wPhjhCJQ,-0.4493456706142432,0.17365161374448104,-0.43740171980310366,-0.5461384607992017,0.89704585813949
wQSWWmYB,-0.2455984973973429,-0.2528984402818832,0.19109388221492257,-0.44247902035529557,0.03863566786128789
wdIMrXwy,1.0453708237642434,0.9333688786390568,1.6735289000247342,-0.40652297027460654,-0.25901465160600184
wiL9npQc,-0.427384811627659,-0.19338244159177104,-0.1516592517894127,-0.6730514928720213,0.6805030784337491
wnU95Cxn,1.1786998753382156,1.0170448902121922,1.61292043237867,-0.3455012524621187,-0.5683118369063419
wpJbbjJs,0.1267605787503329,0.2670080995693202,0.2764652360284998,-0.10270821007645656,-0.7187914930148657
wsOWTAbI,0.1780388515127097,-0.29447297032740044,0.5677276300109556,0.7272389293989876,-0.6130961574367297
wtdBcU3U,-0.33487856337008765,0.21797040976111512,0.37072184690362353,-0.6118504930581063,0.7733151153594758
wuKXVxOc,-0.4210309998012892,0.05556875003757614,-0.4170097700922706,0.21489632708124137,0.5293132197897586
wyzadAt8,-0.41691381879704986,0.020467773836688477,-0.6586299909576789,-0.5828314385939791,0.7749659348321508
wzaKzYwi,-0.36391600172662786,0.2761136677202606,0.4074399369274253,-0.589741549651007,0.438124601494732
x6GCk4EV,-0.4131452946936222,-0.11522214690621134,-0.19960673259243664,-0.5650751272230876,0.7114545476328891
x6lUi3vf,0.036752826304727974,-0.17459718127627827,0.0025620478457250586,0.8492358231381272,-1.1043364291974136
x8mwDHv9,-0.391033074896758,-0.25353795052750355,-0.226149490194005,-0.5061272926861464,0.2737651528936051
xIYm6puH,0.2523511135328025,0.5477628778453691,0.154157582021643,0.4782049318487904,-1.0119728368179215
xO6UdpsK,0.08707461850400726,0.8875459962708184,0.2697489355491209,0.5780287417255415,-0.9419830036933131
xQ2bkOvj,-0.2900945218296165,0.3449076312445703,-0.7666896711091574,0.36718265793501265,-0.8486083173396968
xeXyDCEQ,1.6901934038808333,0.002511570030547996,1.9170229030189154,1.4325892986775708,-1.0383833448956827
xrggHziO,-0.2347664056028393,-0.22319463466990414,0.02001711762905375,-0.3079981509119947,-0.4636723726969498
y1WMCmqQ,-0.40309142805650394,-0.23552122385058663,-1.081806181693031,-0.2927880071822087,0.5127703872854097
yDngezhM,-0.26303382021639543,-0.011240732925412509,0.27460307778280374,-0.610413091086709,0.5140988846051104
yLiFjMD0,-0.31483260650412864,-0.04689507657431821,0.15281420455883069,-0.6477230084471577,0.7548967964203877
ySwEBO7w,-0.42863031137157165,-0.16121692865270487,-0.4502075119484341,0.09715199302336608,-0.7156108797869011
ydC9UsSm,-0.3882490533607546,-0.11009050888266544,-0.8157070027137229,0.44268097965563785,0.28382029275124343
ydEG4VBd,-0.2654022521895043,-0.17951479374756624,-0.40880978569390203,-0.2808853330730399,0.47524118581689234
yf76yWXc,0.023427421416840878,1.2992393302618035,1.6232370942797083,-0.5152441514329492,-0.622760015621702
yg70e63n,-0.1839701691895371,-0.2631877084955082,-0.011408287965526074,0.16765066439741474,-0.441335291693833
ywxtlSKv,-0.36256260223613546,-0.2702428173345847,-0.9073719503755925,-0.06201315277900763,0.04203491979890419
yzKPQPOR,-0.27794905694117306,-0.1231057975769669,-0.9355758669433155,1.751671032448143,-0.6040641972309979
z5cnOnZ1,-0.35366133570991026,-0.32558456246630707,-0.17606533813070985,-0.27162016790071747,-0.662714229067756
zFLkOE0e,0.08345271809672652,0.49632618544136275,0.09594988189515961,0.28842066177281306,-0.5647542371351839
zGi72mxL,0.09766063315874755,-0.2973912094135437,-0.17361028501957126,0.5711401915653661,-0.6449959831049413
zN925UV3,-0.2510553006494479,-0.12548901489623537,-0.2956609782380563,0.3494918728027711,-0.6613135338310857
zTy2ih7e,-0.42386683317431684,-0.13180477830446727,-0.4468204904385293,-0.20783238633704118,0.4356985898913058
zVFzAutw,-0.35857497596995974,0.20337389240170167,-0.22681238026355222,-0.4703163106872866,0.32402787272728595
zYxNAkht,-0.3201242652187419,0.38535913615024137,-0.03473197620169908,-0.6162534928731781,1.168051750558897
zaWDBai3,-0.3688282263569673,0.2934419053783406,0.15554669596144777,0.3495849170623957,0.6113129064980324
zg3u0Zsx,-0.1992126480868912,0.1512269330023966,0.059042748753273776,-0.4397379962330837,-0.23878137920245757
zlwLfdsS,-0.3727282943183304,0.21415068425695216,-0.9869895239071248,1.7726679622205486,-0.5800798099996817
zmbKzVfl,-0.29397747576227684,-0.013091586396196455,-0.3607091226968797,0.15299926770739036,0.21316944165480675
